{"cameraMode":{"drawMode":0,"name":"Shaded","section":"Shading Mode"},"sceneLighting":true,"audioPlay":false,"sceneViewState":{"showFog":true,"showMaterialUpdate":false,"showSkybox":true,"showFlares":true,"showImageEffects":true,"showParticleSystems":true},"in2DMode":false,"pivot":{"x":1.2146639823913575,"y":4.0579376220703129,"z":0.6059010028839111},"rotation":{"x":-0.08331432938575745,"y":0.9136959910392761,"z":-0.2399439662694931,"w":-0.3172561824321747},"size":2.117060661315918,"orthographic":false}